Profile,Depth/ms,Heave/m,Throw/ms,Depth/m
1,2696.99,12.5955,8.54209,2347.659673
1,2707.2,15.0578,6.53441,2355.60096
1,2714.12,16.289,7.80341,2361.042571
1,2724.21,9.41079,8.89719,2369.062759
1,2730.5,10.4243,10.3988,2374.113975
1,2736.28,8.33363,7.37583,2378.790515
1,2745.81,8.27843,5.88324,2386.574095
1,2755.46,10.0694,5.38884,2394.548228
1,2763.12,7.52435,3.61524,2400.944251
1,2775.22,4.58811,1.07518,2411.167178
1,2784.57,4.57366,0.0109868,2419.166991
1,2792.83,8.80741,5.7768,2426.306935
1,2802.96,6.1447,4.61471,2435.156453
1,2811.5,5.99585,4.33259,2442.696675
1,2821.53,11.3644,1.269,2451.645591
1,2831.63,3.30793,1.58686,2460.758619
1,2845.33,3.20478,2.06158,2473.282885
1,2856.62,3.606,0.516707,2483.745046
1,2866.41,3.80713,0.0208058,2492.920381
1,2876.19,4.22705,0.0347301,2502.182041
2,2692.29,19.0922,11.8642,2344.039075
2,2703.36,17.1224,12.6521,2352.601997
2,2710.42,11.0831,13.1573,2358.127082
2,2718.54,18.1073,13.4552,2364.543344
2,2731.72,10.9911,13.3716,2375.098283
2,2741.86,11.6867,10.136,2383.336932
2,2751.56,11.3351,7.69552,2391.314309
2,2759.46,9.02979,6.43548,2397.880868
2,2770.74,9.91788,7.05336,2407.365092
2,2780.14,16.9109,17.1351,2415.365808
2,2789.58,15.1669,15.246,2423.489494
2,2799.65,13.6833,13.1161,2432.253566
2,2807.85,14.8855,13.3855,2439.465056
2,2814.09,23.5574,13.495,2444.997877
2,2826.71,14.2684,13.3486,2456.306659
2,2842.46,18.305,14.3312,2470.643648
2,2850.81,20.0352,19.0488,2478.345145
2,2861.72,19.8299,16.6885,2488.512883
2,2873.78,29.4468,13.3766,2499.89089
2,2888.61,25.5995,14.9155,2514.081643
2,2902.97,17.6865,15.1278,2528.032239
2,2915.58,27.5234,13.5731,2540.452774
2,2937.66,21.0349,13.2604,2562.584
2,2968.11,12.0513,7.65473,2593.904413
2,2982.32,11.6042,3.2394,2608.837915
2,2997.3,4.18381,1.18131,2624.799255
3,2692.07,20.3612,13.1872,2343.870141
3,2702.24,18.8223,13.1872,2351.730077
3,2710.68,14.0871,12.8794,2358.331507
3,2719.69,7.90888,13.6315,2365.457381
3,2733.13,11.2912,14.8352,2376.237739
3,2740.99,10.7084,14.2795,2382.626033
3,2750.07,20.3612,14.7498,2390.082801
3,2756.98,11.4367,13.9556,2395.812746
3,2767.02,20.4796,12.2402,2404.223254
3,2775.46,25.0964,14.1342,2411.371428
3,2783.12,28.2926,15.7205,2417.920651
3,2790.17,20.9433,17.1556,2424.000183
3,2799.93,26.6363,15.389,2432.498703
3,2808.42,18.5642,15.9262,2439.968842
3,2817.15,26.7537,15.0812,2447.725316
3,2828.51,26.7537,14.442,2457.932617
3,2843.92,20.2816,18.1259,2471.985227
3,2853.72,20.9679,18.6622,2481.045523
3,2863.49,22.0552,19.0384,2490.173683
3,2876.4,21.6661,16.7572,2502.38196
3,2892.49,31.3705,14.9155,2517.830693
3,2907.56,17.3558,16.5656,2532.534869
3,2919.25,21.709,14.3652,2544.097506
3,2942.71,17.7708,10.8028,2567.714219
3,2971.81,23.5278,8.64152,2597.773355
3,2984.54,13.4663,7.44816,2611.189184
3,2999.51,11.6899,4.32076,2627.173027
3,3021.65,7.916,1.39507,2651.223266
3,3040.55,11.0675,1.89516,2672.141786
3,3051.91,8.66946,1.33111,2684.886911
4,2693.82,20.1529,12.8643,2345.21527
4,2703.07,19.0922,12.8643,2352.376111
4,2712.72,16.0617,12.4552,2359.937803
4,2721.36,15.0768,13.8795,2366.787077
4,2728.19,20.1529,13.2734,2372.254321
4,2735.83,16.1374,11.4551,2378.425225
4,2744.68,6.97016,9.65199,2385.646427
4,2753.48,12.0463,9.43986,2392.904491
4,2761.08,17.0466,7.83372,2399.235139
4,2773.16,6.94726,4.49386,2409.416405
4,2793.56,23.1834,9.43986,2426.941229
4,2804.5,16.0617,5.63664,2436.510775
4,2814.73,9.24865,5.94911,2445.567547
4,2824.95,14.0161,8.04585,2454.719966
4,2836.64,30.2293,12.4703,2465.316893
4,2850.5,14.3229,15.9364,2478.057975
4,2860.34,25.5995,18.8515,2487.220196
4,2881.98,33.4421,15.3002,2507.710246
4,2898.95,29.4468,12.1632,2524.106066
4,2912.89,27.5231,14.5308,2537.789849
4,2928.01,23.6472,9.29364,2552.851637
4,2946.58,26.7537,12.5716,2571.662954
4,2973.9,13.5308,7.40335,2599.964835
4,2992.65,15.9164,2.46354,2619.820616
4,3005.83,6.37383,3.61227,2633.988325
4,3023.33,8.34653,2.8757,2653.068225
4,3041.34,10.3889,1.6553,2673.023936
4,3053.75,8.64822,2.69947,2686.963406
4,3064.41,8.71791,2.38829,2699.060161
4,3081.42,5.61725,0.978895,2718.598102
5,2693.06,11.2131,12.6481,2344.630724
5,2702.86,11.135,13.9202,2352.212592
5,2714.26,16.3389,11.5087,2361.153156
5,2722.55,23.0558,12.5279,2367.736286
5,2726.52,16.289,15.8341,2370.913219
5,2735.81,9.56394,14.1708,2378.408995
5,2743.33,10.461,14.1548,2384.539825
5,2749.88,10.9418,17.1797,2389.925923
5,2757.64,18.846,16.3266,2396.362533
5,2772.04,20.0771,10.796,2408.466309
5,2785.96,22.6341,16.0803,2420.363733
5,2793.37,15.8332,15.4442,2426.776087
5,2803.54,16.4277,14.9727,2435.666244
5,2811.24,21.3082,16.0803,2442.466037
5,2819.49,17.1501,17.5063,2449.817323
5,2837.47,23.8652,13.5802,2466.074479
5,2852.92,13.5937,12.4615,2480.302307
5,2860.19,16.0965,15.7018,2487.079801
5,2868.62,17.9222,16.9728,2495.004886
5,2882.81,16.2673,16.2246,2508.505465
5,2900.92,13.5711,13.6932,2526.028067
5,2914.28,31.3705,17.2535,2539.164955
5,2926.83,30.8512,16.7939,2551.667955
5,2949.83,25.5995,13.7317,2574.990645
5,2975.31,17.0156,13.2385,2601.445765
5,2985.44,17.9295,13.5272,2612.143805
5,3002.01,12.0752,7.25587,2629.864177
5,3018.13,14.4226,11.1783,2647.366789
5,3036.46,24.6047,11.4402,2667.584688
5,3043.52,18.8285,15.1906,2675.461459
5,3058.52,17.8565,14.0105,2692.362259
5,3068.35,18.6967,14.977,2703.559956
5,3073.58,27.5231,15.685,2709.557014
5,3083.53,31.3705,14.1461,2721.041851
5,3092.59,20.9441,12.1261,2731.585517
5,3112.74,7.04056,2.6657,2755.329572
5,3125.89,18.8223,4.40363,2771.044019
5,3143.22,7.0626,2.04544,2792.017738
5,3155.39,18.8223,5.65842,2806.926049
5,3174.25,6.27409,2.17814,2830.322256
6,2683.51,15.626,9.11503,2337.334667
6,2694.81,10.9932,13.585,2345.977585
6,2705.17,18.8223,13.495,2354.013733
6,2715,11.6742,12.9157,2361.738
6,2722.86,13.4044,14.5196,2367.983792
6,2729.35,11.2652,14.8596,2373.187506
6,2737.24,9.44721,15.1494,2379.570477
6,2745.7,10.7137,14.8421,2386.483735
6,2753.85,20.3612,16.9516,2393.211356
6,2762.63,22.0185,15.389,2400.533349
6,2772,15.5016,13.0647,2408.4324
6,2780.8,17.0065,16.1471,2415.93088
6,2786.46,26.7537,18.8456,2420.794688
6,2797.42,18.0744,16.4919,2430.304022
6,2806.83,18.521,16.523,2438.564355
6,2815.67,27.5231,15.3002,2446.404993
6,2824.3,29.4468,16.484,2454.134755
6,2836.12,39.2131,18.0525,2464.842611
6,2852.2,33.4421,19.2363,2479.63396
6,2862.72,26.9299,19.9479,2489.450803
6,2872.59,28.8003,24.6851,2498.761717
6,2885.08,47.0557,21.1895,2510.683859
6,2900.04,17.9634,26.9595,2525.169029
6,2915.15,17.1725,23.606,2540.026616
6,2927.27,39.4389,21.7416,2552.109165
6,2947.97,37.2894,20.0057,2573.084889
6,2976.17,35.3658,19.2363,2602.350003
6,2986.05,46.8887,20.7622,2612.791286
6,3003.52,27.7006,16.814,2631.492659
6,3019.45,24.5166,17.5517,2648.811516
6,3037.76,25.6299,14.3829,2669.031341
6,3045.92,45.132,21.1895,2678.150467
6,3062.28,43.0604,19.2363,2696.633995
6,3070.43,31.3705,20.8048,2705.941743
6,3074.78,39.2131,22.7876,2710.93687
6,3085.31,35.3658,19.2363,2723.106865
6,3093.9,43.2084,20.42,2733.116835
6,3112.97,39.2131,18.8515,2755.602939
6,3126.11,31.5184,19.2363,2771.308393
6,3132.37,31.3705,21.9885,2778.851317
6,3145.13,31.5184,15.7146,2794.347699
6,3155.53,28.4035,15.1351,2807.098411
6,3162.88,35.0503,18.8748,2816.174963
6,3170,32.031,20.3945,2825.019
6,3182.34,27.1317,18.3976,2840.467076
6,3189.76,39.2131,20.8048,2849.829261
6,3199.72,23.1459,21.0843,2862.482843
6,3209.22,31.5184,21.1895,2874.644458
6,3220.52,22.839,20.6446,2889.227899
6,3229.18,33.4421,20.8048,2900.490662
6,3244.13,29.4468,16.484,2920.110369
6,3256.41,31.5184,11.3938,2936.393281
6,3266.63,23.5278,13.347,2950.059669
6,3278.92,25.5995,11.7785,2966.632427
6,3296.59,35.1503,18.5268,2990.724677
6,3324.09,27.5231,11.7785,3028.840777
6,3338.2,27.5231,13.7317,3048.69136
6,3366.88,15.6852,3.90644,3089.653283
7,2696.97,17.2834,14.4657,2347.644219
7,2705.8,20.3612,16.336,2354.50588
7,2714.42,22.0185,15.0812,2361.279562
7,2724.62,15.4027,14.2891,2369.390806
7,2730.76,22.0185,14.7735,2374.323621
7,2738.66,13.5613,15.8199,2380.72586
7,2746.5,13.2367,15.5198,2387.141175
7,2754.97,13.6711,15.8771,2394.141079
7,2762.31,23.5574,15.389,2400.265135
7,2771.89,23.5574,14.442,2408.339159
7,2780.34,17.2301,15.5566,2415.536996
7,2787.26,17.2557,18.0655,2421.484736
7,2795.71,18.5588,18.711,2428.812449
7,2806.85,19.1393,18.08,2438.582006
7,2815.03,19.8487,19.0038,2445.834721
7,2824.44,33.4421,20.42,2454.260765
7,2836.27,21.471,24.1825,2464.979395
7,2853.13,29.4468,20.0057,2480.497339
7,2863.32,35.3658,21.5742,2490.014035
7,2872.34,37.4374,26.694,2498.524676
7,2884.17,39.2131,29.831,2509.809963
7,2902.84,30.6253,26.996,2527.905021
7,2917.4,24.7309,24.7791,2542.25856
7,2927.94,35.4883,23.3758,2552.78138
7,2951.36,46.0106,24.554,2576.560877
7,2976.9,46.8718,23.8855,2603.118135
7,2987.97,45.9401,24.2706,2614.831689
7,3003.56,49.0164,22.7043,2631.535829
7,3020.93,46.0106,21.4558,2650.433433
7,3036.73,45.5606,24.2625,2667.885007
7,3045.5,49.2476,25.7563,2677.679475
7,3061.91,46.0106,25.1551,2696.213011
7,3083.37,37.6512,22.6115,2720.856387
7,3101.79,37.6223,23.8049,2742.376105
7,3113.55,46.0106,20.8547,2756.292536
7,3132.58,34.5088,23.8558,2779.105034
7,3146.24,43.0049,20.8547,2795.703437
7,3155.4,52.0221,24.554,2806.93836
7,3170.69,49.0164,25.1551,2825.878771
7,3188.59,51.051,27.8778,2848.349357
7,3199.59,49.1273,24.7408,2862.317047
7,3209.74,43.2084,23.9418,2875.312752
7,3225.93,45.132,26.694,2896.255083
7,3238.23,41.2847,25.1255,2912.340777
7,3245.73,39.3611,26.3093,2922.223377
7,3259.42,29.4999,24.5311,2940.407462
7,3277.75,35.2178,15.685,2965.048206
7,3295.59,27.5231,13.7317,2989.352887
7,3308.87,20.1588,13.9163,3007.651797
8,2696.69,13.5675,18.4017,2347.427911
8,2707.75,31.8144,17.1647,2356.031706
8,2716.08,21.2016,16.4026,2362.592539
8,2725.43,20.0571,15.9488,2370.039393
8,2732.28,31.8144,15.722,2375.550595
8,2740.67,18.2212,15.4518,2382.364743
8,2749.04,16.3898,15.0226,2389.232789
8,2755.86,21.0813,18.4662,2394.880772
8,2764.66,21.0769,16.4379,2402.23722
8,2774.54,16.0563,13.4166,2410.588784
8,2783.57,23.3843,14.9662,2418.307221
8,2798.12,29.4098,16.6838,2430.915451
8,2806.42,31.8144,19.6432,2438.202602
8,2815.76,20.2351,19.8342,2446.485221
8,2825.65,24.202,20.5231,2455.350666
8,2838.59,22.3548,22.4248,2467.097857
8,2864.18,20.3661,24.2127,2490.821962
8,2876.01,24.7148,26.0316,2502.010717
8,2887.58,43.0049,26.9585,2513.088934
8,2902.96,18.3627,29.8923,2528.022453
8,2917.73,16.8774,30.5234,2542.586337
8,2928.31,42.7101,29.852,2553.152795
8,2952.82,42.7737,24.5077,2578.06145
8,2979.61,58.5144,26.1732,2605.974353
8,2990.55,56.154,26.4797,2617.579286
8,3006.02,37.6573,29.9763,2634.193834
8,3022.45,34.5264,26.1901,2652.101466
8,3037.4,44.0138,24.8472,2668.63056
8,3046.37,38.3238,28.2797,2678.655297
8,3062.36,49.2013,27.9666,2696.725037
8,3075.54,49.0164,30.926,2711.811524
8,3084.81,49.0164,28.9654,2722.526485
8,3094.08,54.0105,29.9272,2733.327379
8,3114.32,56.415,27.9666,2757.208555
8,3125.02,61.4092,30.4081,2769.999014
8,3145.8,56.415,30.4451,2795.16588
8,3156.31,63.8137,31.8878,2808.059075
8,3172.1,61.4092,33.8854,2827.637175
8,3182.42,61.2242,33.3675,2840.567722
8,3189.38,48.5659,35.34,2849.348458
8,3200.05,61.2242,30.889,2862.903786
8,3209.32,61.2242,29.9272,2874.772955
8,3219.26,56.415,31.4069,2887.595456
8,3233.52,37.01,27.27,2906.163259
8,3256.48,53.8255,27.9666,2936.486531
8,3270.21,34.8226,23.4776,2954.871619
8,3292.71,30.128,18.0641,2985.407719
8,3306.95,29.4486,17.0938,3004.995266
8,3320.36,19.6485,10.3832,3023.626517
9,2699.61,15.3511,16.1826,2349.687553
9,2708.37,20.5207,18.3862,2356.517637
9,2717.26,17.4424,16.4424,2363.527536
9,2727.09,14.9572,14.4838,2371.370647
9,2742.18,20.2517,15.4102,2383.598602
9,2748.72,27.0052,16.6838,2388.968923
9,2757.49,19.7423,17.966,2396.237543
9,2766.4,16.809,17.4537,2403.70096
9,2775.56,20.5383,15.535,2411.456549
9,2784.4,34.4039,14.2422,2419.02076
9,2798.66,34.4039,18.6444,2431.38746
9,2808.98,21.57,18.9103,2440.464106
9,2817.36,34.4039,19.6062,2447.912837
9,2826.67,36.8085,22.0847,2456.270563
9,2837.37,33.2923,25.4307,2465.983167
9,2851.59,46.0106,27.6059,2479.068127
9,2865.03,30.9835,24.8985,2491.621221
9,2877.25,31.1529,24.2742,2503.191606
9,2886.6,28.4294,27.3636,2512.1454
9,2903.73,13.0299,28.161,2528.776317
9,2917.78,33.0268,29.765,2542.63601
9,2929.33,39.792,28.6706,2554.177405
9,2953.87,39.022,24.8177,2579.141947
9,2977.49,46.0106,28.8082,2603.739343
9,2991.32,46.4521,29.1537,2618.400595
9,3004.96,27.7419,30.0337,2633.047773
9,3019.8,22.5891,31.1552,2649.19488
9,3035.32,45.4986,31.4462,2666.317475
9,3046.57,40.1957,31.0216,2678.879731
9,3060.18,58.2647,32.5074,2694.246442
9,3074.98,43.7834,32.3796,2711.166986
9,3085.24,61.2704,30.6578,2723.025597
9,3093.99,46.1937,33.6064,2733.222103
9,3104.33,58.2647,30.0567,2745.370155
9,3115.42,43.0519,29.9589,2758.518182
9,3135.81,40.6396,31.1367,2783.012995
9,3157.25,44.2114,34.2012,2809.217606
9,3175.17,55.259,34.3571,2831.472633
9,3183,61.5016,37.4552,2841.2976
9,3191.67,58.2647,35.5594,2852.248113
9,3202.14,52.2533,30.704,2865.572288
9,3211.46,36.1384,33.0358,2877.525188
9,3221.63,58.2647,33.7097,2890.667319
9,3238.36,49.2476,28.207,2912.511597
9,3257.34,52.2533,27.6059,2937.632576
9,3292.9,30.7112,20.7835,2985.667735
9,3308.85,28.006,18.3078,3007.624106
9,3319.25,24.9622,15.7642,3022.077506
9,3346.81,5.74857,0.0246295,3060.902105
10,2670.41,13.7616,12.9623,2327.474821
10,2685.19,23.5278,14.1461,2338.611551
10,2700.95,12.7102,17.7867,2350.727366
10,2711.88,15.2345,17.0133,2359.275883
10,2720.56,12.3893,15.4248,2366.149749
10,2729.94,14.3999,15.0411,2373.66266
10,2737.4,13.9865,15.4626,2379.70056
10,2744.88,21.6042,14.5308,2385.810523
10,2752.76,21.4562,14.9155,2392.307741
10,2760.57,23.5278,16.0993,2398.808511
10,2768.84,25.5995,16.484,2405.758661
10,2778.28,23.5278,15.3002,2413.775675
10,2787.5,18.9291,15.5301,2421.691875
10,2794.2,23.4115,17.9395,2427.49776
10,2801.69,19.9662,18.8966,2434.041361
10,2812.46,19.3667,16.9908,2443.548848
10,2821.4,29.4098,18.6444,2451.52896
10,2830.11,23.9863,21.3252,2459.380633
10,2841.62,30.456,24.7996,2469.872746
10,2855.56,28.1777,23.7913,2482.757349
10,2868.4,26.1121,24.2988,2494.79716
10,2878.74,25.2634,25.731,2504.612612
10,2889.59,25.2705,27.7649,2515.027147
10,2906.28,21.825,30.4171,2531.277115
10,2920.43,17.1983,31.6977,2545.272243
10,2932.21,43.4332,30.3299,2557.076039
10,2954.93,55.259,29.4555,2580.233853
10,2981.49,49.8197,29.5127,2607.960103
10,2993.13,45.7516,29.7034,2620.333539
10,3006.64,44.2248,31.2925,2634.864693
10,3022.83,36.2465,29.639,2652.518835
10,3040.55,48.4552,30.2445,2672.141786
10,3049.83,40.0896,31.2383,2682.543645
10,3064.16,39.8673,32.4512,2698.775165
10,3071.17,64.2762,34.3571,2706.790153
10,3088.33,64.5074,30.6578,2726.617675
10,3099.18,67.5131,31.2589,2739.306262
10,3119.6,70.5188,30.0567,2763.5058
10,3140.44,58.2647,28.8082,2788.633005
10,3151.45,61.5016,28.8082,2802.083316
10,3163.88,61.2704,32.5074,2817.414043
10,3180.38,51.325,36.1774,2838.003238
10,3190.21,64.2762,34.9582,2850.398819
10,3197.43,54.9932,37.4054,2859.564753
10,3208.59,64.2762,34.9582,2873.835157
10,3217.28,61.2704,34.3571,2885.033395
10,3226.96,49.582,34.3214,2897.596293
10,3236.09,47.5131,35.6056,2909.531257
10,3251.45,42.2436,26.9748,2929.798316
10,3261.85,40.6413,25.5524,2943.654756
10,3276.78,46.0106,20.8547,2963.73583
10,3295.74,35.75,23.9348,2989.558592
10,3309.09,32.4482,22.8621,3007.956427
10,3321.09,27.0448,19.6495,3024.645907
10,3343.23,1.65731,0.947016,3055.815927
11,2704.6,22.0185,15.0576,2353.5688
11,2722.05,23.5574,16.0283,2367.337286
11,2731.16,23.5574,15.6968,2374.646285
11,2745.94,25.0964,16.3124,2386.6809
11,2754.72,23.5574,15.389,2393.933443
11,2762.84,31.8144,17.1647,2400.709421
11,2769.72,19.4987,17.3992,2406.502243
11,2779.99,29.5948,16.2029,2415.237443
11,2790.04,34.219,15.685,2423.887629
11,2804.07,19.8474,20.8683,2436.132381
11,2814.36,31.9994,20.1241,2445.238157
11,2824.26,29.4098,19.1623,2454.098756
11,2835.03,29.4098,18.1635,2463.849321
11,2843.53,25.7656,24.7306,2471.626651
11,2858.02,39.2131,25.4881,2485.051274
11,2868.85,28.5755,27.7875,2495.222106
11,2879.16,41.6177,27.9666,2505.013565
11,2891.32,33.2792,29.7119,2516.698595
11,2908.52,39.9751,29.6274,2533.479259
11,2923.73,35.506,30.5651,2548.564917
11,2933.55,39.068,30.2135,2558.427536
11,2959.06,43.2084,29.4463,2584.498884
11,2984.18,44.6361,30.3119,2610.807562
11,2994.3,48.8486,32.1146,2621.584755
11,3010.34,49.1525,32.3177,2638.876196
11,3027.98,47.4519,31.0467,2658.189526
11,3043.79,45.2182,31.6498,2675.763685
11,3053.93,43.2101,32.1393,2687.166723
11,3067.46,46.6596,35.3253,2702.542148
11,3075.32,58.8936,34.9212,2711.558275
11,3084.68,44.9271,32.971,2722.375627
11,3092.14,58.8936,31.4291,2731.059888
11,3103.06,54.8983,29.831,2743.872324
11,3124.25,45.132,21.6038,2769.074756
11,3136,58.8936,30.6005,2783.2432
11,3143.86,72.6552,36.1346,2792.798052
11,3157.29,62.7409,35.7203,2809.266925
11,3167.47,48.9897,34.9506,2821.870579
11,3183.95,60.8173,37.3184,2842.493816
11,3194.24,63.8137,35.846,2855.508557
11,3202.14,63.8137,36.8079,2865.572288
11,3212.32,63.8137,34.3663,2878.632515
11,3222.75,45.9407,33.3802,2892.120956
11,3231.91,51.9617,35.2924,2904.056711
11,3240.45,68.6229,33.3675,2915.260166
11,3254.61,61.2242,31.4069,2933.997103
11,3266.79,58.8196,27.4857,2950.274455
11,3277.68,49.0164,25.0072,2964.953467
11,3296.68,54.0105,24.5262,2990.848187
11,3309.54,49.0164,24.5262,3008.579684
11,3320.77,46.6118,20.605,3024.198985
11,3335.6,24.5602,16.5701,3045.0186
12,2671.61,27.5231,13.7317,2328.370873
12,2689.73,27.5231,12.9623,2342.076297
12,2704.76,23.5278,16.8687,2353.693661
12,2715.28,15.6852,16.484,2361.959435
12,2724.45,23.5278,14.5308,2369.254766
12,2733.1,15.4644,16.6882,2376.213475
12,2757.79,16.5077,15.097,2396.487545
12,2765.8,31.3705,17.283,2403.19588
12,2773.09,27.3752,18.0821,2409.356987
12,2784.08,16.0482,13.0696,2418.745579
12,2793.3,19.3959,12.3691,2426.715255
12,2805.32,18.8135,21.0216,2437.232875
12,2814.3,35.3658,24.7408,2445.184755
12,2823.33,33.4421,24.3561,2453.262225
12,2837.66,35.3658,19.2363,2466.248
12,2850.52,23.2874,18.8967,2478.076499
12,2858.91,25.4832,23.7858,2485.882681
12,2870.18,28.778,27.27,2496.479242
12,2882.45,28.5955,28.3111,2508.160466
12,2893.74,41.6177,28.9284,2519.041712
12,2911.84,24.5741,28.2805,2536.752381
12,2925.2,44.2072,30.889,2550.03516
12,2937.33,44.2566,28.1827,2562.249645
12,2960.49,40.3487,30.7618,2585.979613
12,2987.24,37.0584,30.269,2614.055477
12,2999.16,47.8686,31.611,2626.796765
12,3014.23,47.8678,33.7058,2643.108457
12,3034.41,35.6775,29.1281,2665.306861
12,3049.39,44.1309,32.2555,2682.048509
12,3059.69,49.0164,32.4057,2693.689981
12,3072.43,63.8137,33.3675,2708.236003
12,3090.02,61.2242,32.3687,2728.586314
12,3099.61,63.8137,31.4069,2739.811553
12,3108.49,71.2124,33.8484,2750.287733
12,3128.7,66.2183,33.8484,2774.424435
12,3140.82,66.2183,35.3282,2789.09521
12,3149.18,68.6229,36.29,2799.300262
12,3159.58,53.4076,37.8455,2812.093094
12,3170.87,52.7329,35.7615,2826.103137
12,3180.12,71.2124,36.7709,2837.676691
12,3188.54,71.0275,37.7697,2848.286144
12,3198.34,68.6229,36.8079,2860.723716
12,3207.56,76.0216,37.8067,2872.512869
12,3218.44,68.6229,35.846,2886.533925
12,3226.44,73.7557,36.2067,2896.919045
12,3237.42,56.5806,34.9031,2911.276822
12,3246.05,70.75,35.0045,2922.646286
12,3272.34,76.7615,36.8079,2957.740676
12,3282.86,73.7557,32.5074,2971.977392
12,3298.32,38.0209,23.2041,2993.100235
12,3311.64,48.1769,24.045,3011.490893
12,3320.27,43.8945,27.2082,3023.500875
12,3333.81,44.1633,24.5795,3042.493975
12,3347.54,49.1251,22.0968,3061.940804
12,3369.84,39.768,16.5543,3093.927701
12,3389.84,16.1196,7.68953,3123.038501
12,3410.48,12.2074,1.37466,3153.500251
12,3429.52,11.8184,1.57945,3181.978379
12,3446.53,15.9717,2.59339,3207.726841
13,2707.65,11.2546,17.4028,2355.953366
13,2716.3,17.563,18.0585,2362.766755
13,2725.16,29.4098,15.722,2369.823125
13,2735.56,15.87,16.9166,2378.206149
13,2742.32,21.745,18.8488,2383.713115
13,2759.57,17.7318,17.8608,2397.972741
13,2767.85,21.2653,18.4078,2404.923056
13,2776.22,17.1345,14.9863,2412.018598
13,2785.98,17.3417,12.4816,2420.380966
13,2791.82,29.4098,13.2434,2425.43023
13,2806.19,19.4041,20.3335,2437.999741
13,2815.98,21.8923,21.3592,2446.681366
13,2825.39,29.4098,20.605,2455.116349
13,2836.67,29.4098,20.605,2465.344263
13,2846.42,22.7954,24.2275,2474.287402
13,2860.15,23.7081,25.7254,2487.042366
13,2871.92,23.6727,25.2846,2498.126587
13,2884.5,22.6827,25.6966,2510.126775
13,2894.35,25.6416,31.5573,2519.633256
13,2913.5,27.4988,28.5147,2538.393075
13,2927.29,27.9141,30.0699,2552.129225
13,2939.61,39.2714,29.908,2564.561953
13,2960.8,56.9699,34.1518,2586.30088
13,2991.16,37.7827,30.6638,2618.229885
13,3003.52,39.2127,30.6207,2631.492659
13,3018.36,33.6761,33.6221,2647.618397
13,3032.96,27.1231,34.6877,2663.698253
13,3056.13,46.0773,31.749,2689.654329
13,3068.18,35.7111,27.7826,2703.365482
13,3081.53,47.7155,33.8048,2718.725391
13,3095.79,55.8505,37.329,2735.329165
13,3105.7,52.6973,36.644,2746.987735
13,3115.2,48.5079,35.7256,2758.25616
13,3134.35,63.8137,37.7697,2781.245256
13,3144.43,52.5016,38.3124,2793.493363
13,3152.17,62.8889,37.2888,2802.967123
13,3163.28,51.6864,37.6511,2816.670475
13,3175.6,50.2799,35.6718,2832.0106
13,3183.81,53.2524,37.6986,2842.317475
13,3193.33,58.8936,35.7203,2854.353325
13,3202.75,60.8173,36.5193,2866.351956
13,3210.97,64.8126,39.242,2876.894599
13,3221.86,64.8126,37.7031,2890.965732
13,3229.89,52.6639,39.3052,2901.417379
13,3239.32,62.8889,39.242,2913.773555
13,3250.63,53.1237,37.9695,2928.710389
13,3265.99,45.7382,32.9546,2949.200783
13,3275.12,46.6584,35.3736,2961.492091
13,3287.19,46.2606,33.6281,2977.869331
13,3299.62,45.2888,32.1862,2994.887306
13,3321.67,51.051,28.2625,3025.456213
13,3332.54,40.8213,27.9192,3040.704704
13,3346.08,45.4753,27.2166,3059.863939
13,3361.19,44.2414,26.0682,3081.461191
13,3373.36,34.3122,18.8745,3099.022197
13,3390.66,41.2847,16.0993,3124.24058
13,3407.51,35.2528,18.941,3149.090707
13,3419.38,32.4521,18.6372,3166.766858
13,3427.17,39.0264,22.0437,3178.443873
13,3448.23,10.3373,5.70477,3210.316077
13,3459.94,8.93217,3.79546,3228.22986
14,2675.68,21.9001,9.11503,2331.420707
14,2692.15,26.6353,10.3698,2343.931566
14,2708.57,13.683,15.5283,2356.674471
14,2717.02,15.1236,16.1702,2363.337254
14,2724.73,21.1072,17.9075,2369.478847
14,2735.06,20.0423,16.9376,2377.800644
14,2742.89,34.4039,15.722,2384.179549
14,2757.67,17.5901,15.8749,2396.387533
14,2773.85,19.6298,17.4296,2410.002356
14,2783.67,17.3991,14.9834,2418.393153
14,2798.79,21.985,17.473,2431.501135
14,2807.2,21.4006,19.3362,2438.89096
14,2816.02,23.1691,20.7693,2446.717034
14,2824.39,21.8187,21.3539,2454.215759
14,2847.87,27.0648,24.588,2475.625527
14,2873.05,21.7015,25.7438,2499.198036
14,2897.41,25.2223,30.7919,2522.606291
14,2914.29,31.6785,29.8543,2539.174855
14,2929.56,31.8502,30.2482,2554.408589
14,2940.46,29.5121,28.3301,2565.425328
14,2964,46.6118,34.8472,2589.6228
14,2994.2,43.2013,30.7993,2621.47776
14,3005.98,44.4485,29.4941,2634.150566
14,3023.61,49.0164,31.3052,2653.375993
14,3043.66,33.1643,34.5385,2675.61816
14,3061.77,39.0388,32.1293,2696.053755
14,3071.82,52.0221,33.1086,2707.53583
14,3084.73,40.1919,36.8146,2722.433647
14,3094.48,43.0224,36.1881,2733.795371
14,3101.9,43.9868,36.7859,2742.505635
14,3110.46,50.1301,37.827,2752.622528
14,3119,53.6399,37.9555,2762.7888
14,3138.23,49.6352,38.4535,2785.947777
14,3157.51,56.4687,38.5657,2809.538207
14,3169.38,54.1934,37.7726,2824.246858
14,3180.48,51.9479,36.8521,2838.128851
14,3197.61,52.9885,37.2453,2859.793933
14,3216.66,67.5131,37.409,2884.23194
14,3235.68,50.4071,35.5164,2908.993507
14,3254.13,67.5131,38.6113,2933.358669
14,3271.26,45.793,32.3763,2956.285376
14,3283.56,45.9983,29.9151,2972.928629
14,3291.59,42.4936,31.1545,2983.875727
14,3315.36,50.7128,31.223,3016.658717
14,3323.46,61.5016,33.7097,3027.959108
14,3335,42.5259,28.6903,3044.172
14,3347.1,48.1985,28.4427,3061.314675
14,3362.99,41.3002,29.9708,3084.049213
14,3376.21,56.415,30.926,3103.156079
14,3392.86,37.4441,26.9565,3127.468992
14,3408.48,31.0515,20.3958,3150.529891
14,3421.34,26.5663,18.4112,3169.699136
14,3429.66,28.9108,20.3833,3182.18912
14,3439.53,29.4198,21.3211,3197.095731
14,3448.91,29.0795,22.2138,3211.352581
14,3459.66,20.655,14.6554,3227.79992
14,3484.14,14.4338,7.01131,3265.685168
14,3516.58,4.37322,0.319899,3316.812554
15,2671.77,13.8267,15.0765,2328.490455
15,2691.16,23.5278,10.21,2343.171885
15,2707.73,13.278,13.1762,2356.016037
15,2718.35,14.9873,17.453,2364.392456
15,2727.41,13.2945,14.9769,2371.627591
15,2736.81,13.1236,14.2849,2379.221005
15,2743.87,15.1079,15.8752,2384.982247
15,2751.25,18.6099,15.829,2391.057906
15,2759.14,16.5333,15.863,2397.613668
15,2767.51,13.4879,16.9894,2404.636307
15,2774.81,27.3752,15.3002,2410.818385
15,2784.57,29.4468,13.7613,2419.166991
15,2793.25,25.5995,13.7317,2426.671806
15,2807.44,18.8349,19.02,2439.102885
15,2817.14,22.6185,19.8505,2447.716388
15,2825.88,20.0373,21.024,2455.558003
15,2837.14,22.2194,19.8622,2465.773188
15,2850.17,22.1033,22.9124,2477.752383
15,2860.88,19.6356,24.9154,2487.725803
15,2873.68,25.727,25.7318,2499.795947
15,2885.99,19.813,26.1138,2511.558583
15,2899.62,19.5523,26.0722,2524.759306
15,2916.12,15.7518,29.3313,2540.988211
15,2931.13,14.4827,30.233,2555.988079
15,2944.31,33.3724,28.0483,2569.344955
15,2971.78,20.838,28.045,2597.74193
15,2999.18,30.4543,29.1363,2626.818262
15,3010.52,36.6166,27.9917,2639.071699
15,3028.37,32.0079,26.3593,2658.620037
15,3046.5,40.2695,39.4202,2678.801175
15,3067.13,37.5441,29.6874,2702.164959
15,3076.77,38.6333,32.7332,2713.228305
15,3090.11,43.453,33.7022,2728.691233
15,3104.42,43.8491,35.6465,2745.476362
15,3114.58,40.0489,34.6974,2757.517994
15,3124.84,40.9025,34.7981,2769.782901
15,3142.67,36.4894,34.2639,2791.347483
15,3162.66,58.8196,34.3293,2815.9025
15,3174.34,61.4092,35.3282,2830.434756
15,3185.75,49.8538,34.8926,2844.762806
15,3202.52,55.6359,37.1468,2866.057939
15,3214.04,66.4033,32.8496,2880.849389
15,3221.92,60.5747,35.3655,2891.043587
15,3239.21,56.5678,34.3849,2913.628909
15,3258.03,60.752,34.9304,2938.552611
15,3272.6,62.7196,33.9661,2958.0912
15,3284.49,56.8777,33.694,2974.193173
15,3292.48,54.6797,33.0484,2985.093011
15,3307.26,63.5084,42.481,3005.423936
15,3317.7,61.2019,39.3485,3019.916535
15,3326.89,55.4098,35.0105,3032.764109
15,3337.23,67.2819,31.2589,3047.320347
15,3349.04,58.6192,31.5555,3064.076789
15,3361.62,59.0046,33.3675,3082.079146
15,3374.81,46.1846,35.1847,3101.124385
15,3396.16,31.7721,25.7422,3132.320685
15,3410.74,27.2919,18.3585,3153.886692
15,3422.59,24.312,17.3845,3171.571217
15,3430.98,25.7988,19.4964,3184.177066
15,3440.86,25.8538,21.2393,3199.111872
15,3450.17,26.7302,21.8231,3213.274383
15,3461.66,36.8085,19.1253,3230.87264
15,3486.96,12.4596,8.15068,3270.087893
15,3519.2,6.25239,0.391155,3320.98776
15,3532.88,10.5583,2.69227,3342.899563
16,2673.43,14.3334,17.8842,2329.732633
16,2692.11,13.1458,11.6649,2343.900853
16,2708.95,21.845,16.6061,2356.972566
16,2716.01,16.685,20.2189,2362.537117
16,2726.4,14.1213,18.0276,2370.81696
16,2736.75,13.8888,16.1408,2379.172256
16,2744.3,13.7075,17.423,2385.334755
16,2752.14,13.9095,16.138,2391.794288
16,2761.27,13.3295,15.0437,2399.394145
16,2775.76,25.5995,15.3002,2411.626821
16,2787.58,11.1057,10.772,2421.760934
16,2809.2,15.7279,19.0674,2440.65876
16,2819.05,15.9133,19.4759,2449.423536
16,2828.47,17.6805,19.805,2457.896449
16,2837.72,29.8315,20.7397,2466.302803
16,2852.65,29.8315,19.4612,2480.051616
16,2866.9,22.2181,20.5509,2493.382135
16,2876.74,21.6362,24.0743,2502.705732
16,2886.82,24.0491,26.0944,2512.35713
16,2900.14,23.9034,24.9578,2525.266608
16,2919.8,26.086,27.3322,2544.64488
16,2935.26,34.5667,25.7588,2560.154816
16,2948.38,33.4219,24.8802,2573.504678
16,2971.84,25.888,25.0011,2597.804781
16,3002.74,31.626,23.2289,2630.651172
16,3015.01,38.8472,20.7501,2643.958907
16,3030.58,29.6747,23.8103,2661.062474
16,3053.68,34.5393,26.857,2686.884347
16,3078.6,33.6661,19.5167,2715.339
16,3089.45,27.7422,22.3177,2727.922016
16,3105.3,37.2894,20.42,2746.515255
16,3115.19,33.9395,23.5269,2758.244251
16,3122.63,44.2072,22.0847,2767.132149
16,3133.91,28.2616,20.0122,2780.712931
16,3144.54,32.0224,19.5476,2793.627584
16,3163.26,31.0303,20.3736,2816.645696
16,3179.05,51.6059,25.0072,2836.333536
16,3189.59,29.53,21.4002,2849.614147
16,3216.12,51.4209,26.9678,2883.534211
16,3227.5,50.8191,33.8246,2898.299875
16,3240.97,47.376,26.5107,2915.944699
16,3249.93,42.0363,25.7909,2927.782203
16,3256.82,59.0046,29.9272,2936.93953
16,3267,46.2491,28.7836,2950.5564
16,3276.76,51.8539,30.4608,2963.708781
16,3287.19,51.7546,32.427,2977.869331
16,3298.87,50.7584,30.5486,2993.856097
16,3308.28,74.6098,39.3232,3006.835075
16,3318.62,66.707,39.2831,3021.198886
16,3327.93,58.9179,39.5076,3034.223343
16,3339.29,47.5933,36.131,3050.233105
16,3351.29,53.9724,33.5922,3067.284985
16,3361.85,58.8936,35.7499,3082.409756
16,3375.82,45.1698,35.1755,3102.58991
16,3397.07,34.3324,25.3429,3133.660491
16,3410.87,47.0557,30.6005,3154.079937
16,3432.12,37.2894,18.8515,3185.895331
16,3441.96,26.1577,19.8527,3200.780693
16,3450.9,29.4718,21.5338,3214.388535
16,3461.52,41.2847,23.1723,3230.657419
16,3489.29,16.7687,11.3013,3273.731605
16,3520.54,40.5563,10.5668,3323.125824
16,3535.03,19.6805,9.82529,3346.360321
16,3548.78,15.7444,7.83656,3368.60239
16,3575.01,6.27409,0.30778,3411.556507
17,2673.85,12.9112,12.9923,2330.047356
17,2691.17,17.2834,10.3462,2343.179553
17,2707.44,14.4532,18.1636,2355.788885
17,2717.96,17.7728,18.6689,2364.082853
17,2726.61,16.929,17.8879,2370.985423
17,2736.81,25.4515,16.0993,2379.221005
17,2744.29,25.5995,16.8983,2385.326555
17,2752.51,16.6742,15.862,2392.100657
17,2758.78,17.7438,17.4324,2397.31319
17,2768.59,18.3224,17.4414,2405.547557
17,2775.67,16.9561,17.8658,2411.550193
17,2785.92,15.2997,15.1074,2420.329267
17,2794.34,29.4468,16.8687,2427.619556
17,2800.09,15.9354,19.4102,2432.638817
17,2809.11,17.502,19.8065,2440.579123
17,2819.75,15.7257,19.8031,2450.050106
17,2829.13,17.3599,20.2207,2458.493419
17,2838.55,17.4824,21.3576,2467.061286
17,2852.09,16.5047,20.3053,2479.531897
17,2868.67,21.5601,20.8442,2495.052103
17,2878.51,21.742,24.2761,2504.393117
17,2889.82,20.7867,24.2429,2515.24919
17,2901.25,31.5184,26.2797,2526.350406
17,2922.86,15.7263,27.7349,2547.695792
17,2939.26,15.558,24.757,2564.206656
17,2950.68,31.3996,24.9143,2575.862707
17,2975,29.4468,19.6506,2601.12
17,3005.92,30.8764,23.5713,2634.085667
17,3017.69,29.3619,23.4807,2646.885601
17,3032.56,25.4974,23.7844,2663.254869
17,3055.23,16.653,25.6865,2688.636087
17,3080.8,19.5284,18.3833,2717.88088
17,3090.62,26.6353,19.4612,2729.285926
17,3098.09,31.4888,20.716,2738.026237
17,3107.78,23.6403,17.6156,2749.44721
17,3118.23,31.8324,18.8564,2761.869177
17,3125.15,42.3797,19.4612,2770.155116
17,3135.61,36.1056,17.2594,2782.770713
17,3144.72,29.0447,18.5267,2793.847243
17,3162.6,31.2598,18.7907,2815.8282
17,3179.01,40.5714,25.0076,2836.283347
17,3193.45,30.7886,18.0981,2854.505616
17,3201.83,51.4209,20.1241,2865.176205
17,3230.16,23.1282,9.78876,2901.769925
17,3245,18.7007,8.15939,2921.259
17,3255.67,29.4086,13.2816,2935.407793
17,3261.67,33.956,19.5407,2943.414013
17,3270.66,29.5011,18.5134,2955.47738
17,3280.31,61.4092,31.4069,2968.516315
17,3293.42,48.6309,28.506,2986.379542
17,3302.73,48.5959,28.3805,2999.169387
17,3312.18,69.3307,38.4226,3012.240202
17,3322.99,68.8079,37.2888,3027.301613
17,3331.38,53.2923,36.6781,3039.071818
17,3341.63,63.8137,33.8484,3053.546919
17,3353.29,59.187,32.6218,3070.140965
17,3363.08,46.6421,36.9748,3084.178699
17,3377.8,44.7466,34.7391,3105.46588
17,3398.34,38.4129,31.2614,3135.531716
17,3412.16,44.8306,37.4846,3155.998445
17,3432.93,33.4486,27.7468,3187.116993
17,3441.83,30.7116,20.7688,3200.583405
17,3451.08,29.2739,22.7762,3214.663339
17,3462.38,33.3362,26.6385,3231.979798
17,3474.14,45.4576,24.8118,3250.136768
17,3500.39,51.7317,14.1342,3291.164599
17,3518.04,21.8028,17.5551,3319.138349
17,3535.24,28.2926,19.7926,3346.698597
17,3546.59,31.4888,24.8118,3365.047177
17,3557.76,30.7086,26.4308,3383.230541
17,3570.42,35.3216,20.0739,3403.990282
17,3583.92,31.219,15.7793,3426.304027
18,2664.29,18.8223,13.1872,2322.927355
18,2674.66,12.5482,12.2402,2330.65482
18,2693.06,21.6042,9.7957,2344.630724
18,2709.56,17.9311,17.8778,2357.451389
18,2719.38,16.3826,17.0978,2365.210858
18,2728.42,15.6836,15.5193,2372.439242
18,2736.71,14.0983,16.2552,2379.139759
18,2744.13,15.2443,15.95,2385.195369
18,2751.98,15.3532,16.7419,2391.661846
18,2759.59,15.5104,17.4185,2397.989447
18,2769.34,16.712,16.4903,2406.181056
18,2776.22,29.4098,18.1635,2412.018598
18,2787.42,18.8138,15.5252,2421.622822
18,2795.52,21.6021,15.4179,2428.646899
18,2810.61,29.4098,19.1253,2441.907463
18,2820.31,34.4039,20.1241,2450.551715
18,2829.19,21.2586,21.3095,2458.547711
18,2839.93,34.4039,19.6062,2468.323903
18,2852.15,24.3693,21.387,2479.587566
18,2868.39,23.3227,21.8315,2494.787719
18,2879.33,19.9678,24.2341,2505.175905
18,2890.07,21.6032,23.3204,2515.490601
18,2901.42,24.4634,25.3175,2526.516502
18,2924.05,26.2757,27.5747,2548.884786
18,2941.35,19.6181,23.5952,2566.330106
18,2952.11,35.6379,22.1886,2577.331453
18,2975.62,20.7144,18.4129,2601.771626
18,3007.1,20.2971,24.7501,2635.362675
18,3018.9,32.2174,24.6512,2648.209335
18,3035.6,23.0056,19.3727,2666.6286
18,3043.96,20.1067,21.3472,2675.954013
18,3065.97,20.3147,19.9038,2700.839949
18,3082.06,27.2313,20.0149,2719.338864
18,3093.35,23.4595,19.4298,2732.473706
18,3110.17,19.9279,17.3754,2752.278583
18,3126.67,26.7117,19.5223,2771.981563
18,3137.1,21.7382,17.524,2784.576675
18,3146.31,36.8085,17.6456,2795.788975
18,3164.94,31.3705,18.0525,2818.72856
18,3179.14,34.5746,22.7425,2836.446468
18,3194.96,46.6118,13.7613,2856.423173
18,3206.39,40.0671,15.8271,2871.012139
18,3221.28,41.1007,14.4453,2890.213315
18,3229.83,43.8584,19.1815,2901.339045
18,3238.45,76.7615,28.8082,2912.629866
18,3255.99,76.7615,25.8025,2935.833883
18,3264.24,89.0155,31.8601,2946.854357
18,3273.1,70.6466,37.4428,2958.765475
18,3293.79,57.2792,28.3023,2986.886185
18,3310.27,50.459,27.9767,3009.591175
18,3323.65,55.259,23.9066,3028.224966
18,3332.95,48.3882,29.4201,3041.282166
18,3342.34,46.2076,31.2306,3054.553476
18,3355.85,39.1218,29.0009,3073.802456
18,3368.16,58.8196,31.4069,3091.500605
18,3382.76,58.8196,31.8878,3112.687541
18,3398.71,42.9454,30.2244,3136.077179
18,3412.02,50.6666,37.9655,3155.790154
18,3430.1,47.9906,34.0572,3182.851575
18,3449.09,58.2647,31.3052,3211.627027
18,3462.57,39.2355,26.822,3232.272051
18,3487.01,46.0527,32.6802,3270.166027
18,3520.09,51.2678,23.7414,3322.407617
18,3533.79,34.7978,24.144,3344.363785
18,3545.81,34.8903,24.1538,3363.782095
18,3556.21,29.6957,23.0182,3380.699879
18,3570.47,30.3288,21.842,3404.072589
18,3581.57,29.1451,22.1526,3422.406681
18,3593.86,23.3195,22.3435,3442.850052
18,3625.38,31.8144,15.241,3495.971338
18,3641.1,37.2644,14.2692,3522.835875
18,3661.22,39.1094,6.6012,3557.580298
18,3671.02,41.6177,11.2828,3574.650134
18,3684.98,41.6177,18.6444,3599.131786
18,3703.91,36.8085,17.1647,3632.640631
18,3724.52,7.21373,0.480907,3669.530779
19,2673.65,11.4977,14.5674,2329.897466
19,2693.73,16.1101,11.9393,2345.146017
19,2710.49,14.4451,17.3965,2358.182113
19,2719.88,14.7183,15.8638,2365.608523
19,2728.16,12.9635,15.0194,2372.230205
19,2736.79,14.099,15.8476,2379.204755
19,2744.62,14.2902,15.4587,2385.597206
19,2752.42,16.8927,16.2431,2392.026122
19,2760.7,15.4401,16.2297,2398.917235
19,2769.71,17.9354,17.0717,2406.493789
19,2778.66,16.9681,16.7086,2414.10026
19,2787.37,15.9893,14.3457,2421.579667
19,2795.41,16.9214,15.1414,2428.551071
19,2803.21,18.7652,15.8955,2435.376149
19,2811.53,17.7006,17.8769,2442.723291
19,2820.54,18.698,18.965,2450.757824
19,2828.95,18.0317,20.7741,2458.330566
19,2839.22,20.4194,21.324,2467.674058
19,2853.03,18.231,22.7343,2480.404461
19,2869.79,27.0641,23.3046,2496.110425
19,2880.36,25.6918,25.2378,2506.160117
19,2889.78,34.4039,25.0072,2515.21057
19,2901.53,26.2282,27.2605,2526.623991
19,2923.77,32.4965,25.2591,2548.604895
19,2940.51,28.0115,23.5657,2565.476137
19,2953.34,33.9079,22.2968,2578.596416
19,2975.8,36.8085,20.605,2601.96088
19,3007.19,22.9474,23.8928,2635.460131
19,3020.6,30.4749,21.0514,2650.0716
19,3038.26,22.4525,17.9223,2669.588196
19,3058.84,18.509,20.3374,2692.725261
19,3082.42,24.5366,20.7015,2719.755722
19,3093.18,31.9994,19.6432,2732.274982
19,3112.41,13.4237,17.3803,2754.937441
19,3122.6,29.4098,17.6826,2767.0962
19,3128.96,19.7091,18.3701,2774.737613
19,3138.85,29.4098,16.2029,2786.700606
19,3149.41,29.3261,16.2625,2799.582011
19,3156.19,30.7895,17.6252,2807.911241
19,3164.92,35.1405,19.14,2818.703747
19,3177.14,47.8215,25.7218,2833.938788
19,3197.89,36.8085,13.2434,2860.150499
19,3209.26,24.385,13.7912,2874.695856
19,3222.71,32.1351,15.2517,2892.069019
19,3235.11,27.5411,14.1264,2908.246183
19,3249.03,32.2485,17.4907,2926.589541
19,3258.9,36.8223,14.2523,2939.713335
19,3268.89,60.9485,26.2588,2953.095889
19,3277.25,73.1695,34.3613,2964.371606
19,3295.48,64.9102,30.5496,2989.202051
19,3309.94,57.6746,28.7515,3009.13386
19,3325.87,78.6111,34.3663,3031.333987
19,3333.64,71.2124,35.8091,3042.254373
19,3343.27,68.6229,36.8079,3055.872685
19,3354.36,59.5045,36.7634,3071.670557
19,3364.7,55.9529,39.1918,3086.510835
19,3374.34,73.7557,36.8079,3100.442756
19,3390.93,49.1101,32.366,3124.636533
19,3410.43,57.0383,35.4842,3153.425943
19,3429.76,61.2704,32.5074,3182.339661
19,3448.23,61.2704,33.1086,3210.316077
19,3461.52,47.8487,31.0299,3230.657419
19,3485.44,56.3866,32.8245,3267.713805
19,3518.97,43.4919,23.5084,3320.620959
19,3531.61,30.7961,23.0794,3340.857473
19,3542.08,54.9367,21.6475,3357.740819
19,3555.53,42.2573,20.6333,3379.590411
19,3568.91,46.0106,20.2536,3401.505781
19,3578.66,38.5073,24.9933,3417.58826
19,3591.07,32.1626,23.4978,3438.195871
20,2673.64,13.9775,16.5434,2329.889973
20,2692.53,10.1758,12.2848,2344.223421
20,2709,13.2239,17.7395,2357.0118
20,2717.23,12.9245,18.1925,2363.503747
20,2726.68,12.6205,17.7832,2371.041587
20,2736.12,9.57413,15.4001,2378.660611
20,2743.18,11.3666,17.419,2384.416982
20,2750.62,12.8527,17.4567,2390.537126
20,2759.27,13.5544,16.2024,2397.722205
20,2766.64,18.4178,18.6495,2403.903093
20,2775.68,17.2264,17.828,2411.558707
20,2785.88,25.4515,15.3002,2420.294803
20,2793.75,15.8911,16.2935,2427.106406
20,2802.72,18.2858,17.0843,2434.945603
20,2810.26,16.6643,19.4108,2441.597316
20,2820.41,29.4468,18.8515,2450.641321
20,2829.43,29.4468,20.42,2458.764913
20,2838.69,21.3521,21.2667,2467.189291
20,2854.41,20.9938,20.3993,2481.687061
20,2870.62,19.3812,20.897,2496.895526
20,2880.43,22.7914,24.2748,2506.227043
20,2890.67,25.1215,25.2191,2516.070243
20,2903,34.4039,24.0453,2528.0616
20,2921.7,37.2894,27.0787,2546.538135
20,2940.56,19.4031,24.3203,2565.526949
20,2952.96,31.0027,22.9485,2578.205453
20,2962.35,33.2941,24.3265,2587.908656
20,2985.47,25.4515,18.0525,2612.175639
20,3008.93,45.0184,24.341,2637.345873
20,3020.85,43.9993,21.897,2650.345706
20,3036.53,37.2894,21.9885,2667.662541
20,3060.9,21.7296,19.0751,2695.064535
20,3086.11,27.6248,18.3462,2724.035993
20,3098.28,20.7927,16.7868,2738.249275
20,3104.04,24.0859,17.5954,2745.027989
20,3113.3,25.5843,17.168,2755.995255
20,3122.22,37.2894,18.8515,2766.640918
20,3130.4,29.1228,18.3397,2776.47336
20,3141.06,24.4503,15.6482,2789.387204
20,3150.46,27.6915,17.518,2800.868928
20,3157.88,29.4548,18.4129,2809.994563
20,3167.06,35.3658,18.4372,2821.360964
20,3184.38,41.8026,17.2017,2843.035558
20,3199.72,36.8085,14.7231,2862.482843
20,3211.64,24.2378,16.6705,2877.756893
20,3219.07,41.6177,20.1241,2887.349431
20,3228.07,49.0164,17.6456,2899.042861
20,3237.46,46.6118,16.6838,2911.329348
20,3244.96,43.7434,23.6074,2921.206173
20,3252.77,42.591,22.5128,2931.551025
20,3264.36,44.3966,19.6426,2947.015157
20,3270.75,56.6488,26.4833,2955.598556
20,3279.57,74.7754,39.8133,2967.513141
20,3312.09,66.4033,32.8866,3012.115297
20,3329.65,54.9101,26.7345,3036.639066
20,3334.53,66.2183,34.3663,3043.509081
20,3343.55,61.4092,35.3651,3056.270036
20,3356,48.9213,33.4009,3074.0172
20,3366.31,51.5628,36.1632,3088.831175
20,3376.49,52.6433,35.0267,3103.562653
20,3394.89,56.415,32.4057,3130.452229
20,3048.41,59.238,40.0713,2680.946401
20,3430.24,51.2077,38.1319,3183.062397
20,3448.38,47.3677,35.2778,3210.544678
20,3461.02,44.9243,30.8775,3229.888934
20,3472.25,56.415,29.4463,3247.209356
20,3491.98,52.5416,35.2287,3277.945046
20,3515.62,56.4843,22.4619,3315.284426
20,3529.3,48.6114,22.2391,3337.147255
20,3539.96,54.0105,25.0441,3354.313373
20,3550.61,33.9733,25.0195,3371.576863
20,3566.39,44.2072,17.1647,3397.364539
20,3573.28,49.0164,28.4475,3408.702275
20,3587.37,42.432,26.4207,3432.035667
20,3602.14,52.2533,20.2536,3456.708288
20,3615,39.768,12.9012,3478.368
20,3624.53,24.5082,13.9012,3494.525781
21,2674.2,13.4577,18.9548,2330.30976
21,2691.34,27.5231,18.0821,2343.309936
21,2710.23,16.4908,18.2027,2357.977737
21,2718.86,27.5231,19.2363,2364.797552
21,2728.33,14.0301,17.4447,2372.366875
21,2737.7,16.6878,16.5889,2379.944535
21,2745.2,23.6758,16.4842,2386.07316
21,2760.36,14.3977,16.3693,2398.632917
21,2769.16,17.3178,17.8524,2406.028965
21,2776.65,11.453,17.8709,2412.385016
21,2786.34,16.8839,16.4264,2420.691236
21,2794.72,27.0052,16.7208,2427.950243
21,2810.85,31.8144,18.6444,2442.120206
21,2821.7,17.588,18.443,2451.798135
21,2830.44,31.8144,18.6814,2459.679605
21,2840.28,19.7603,18.8594,2468.644435
21,2854.97,20.913,18.902,2482.208079
21,2872.9,25.8258,20.4427,2499.055735
21,2880.95,26.0085,25.1998,2506.724366
21,2891.35,26.0353,22.8873,2516.727606
21,2904.11,30.3294,24.233,2529.148573
21,2925.77,28.7896,26.6392,2550.605835
21,2943.73,31.8873,21.6867,2568.753517
21,2952.59,37.2684,20.9028,2577.824917
21,2962.47,41.6177,24.0453,2588.033229
21,2987.5,29.4098,11.2828,2614.331875
21,3008.67,31.8541,20.6931,2637.063903
21,3020.26,33.9781,19.1398,2649.698916
21,3036.51,35.3658,19.2363,2667.640297
21,3051.39,33.4421,19.2363,2684.300689
21,3066.23,31.5184,21.1895,2701.136817
21,3085.03,27.4473,19.1632,2722.781821
21,3096.04,20.3217,19.5179,2735.622069
21,3103.78,31.3705,19.2363,2744.72129
21,3113.49,21.0549,18.2302,2756.221183
21,3122.78,25.2565,19.1716,2767.31191
21,3131.39,24.4362,17.7133,2777.667889
21,3141.27,22.0374,17.5728,2789.642745
21,3150.36,22.8261,19.416,2800.746317
21,3159.03,21.1955,19.0238,2811.413841
21,3170.3,35.3658,17.6678,2825.392755
21,3184.52,27.2249,23.8696,2843.211979
21,3199.6,25.557,19.0036,2862.3298
21,3209.43,25.8405,19.4583,2874.914313
21,3218.5,41.1367,23.557,2886.611575
21,3228.77,39.3611,21.6038,2899.955745
21,3240.49,43.0604,20.0353,2915.312813
21,3246.13,60.8173,29.4463,2922.752029
21,3258.95,52.4853,29.1603,2939.780066
21,3267.22,59.5584,32.2558,2950.851818
21,3282.14,63.7127,34.0717,2970.999488
21,3300.49,54.2849,29.4729,2996.084213
21,3314.74,52.9747,21.5742,3015.796452
21,3329.31,31.0085,16.3676,3036.161305
21,3337.27,60.8173,29.4463,3047.376865
21,3345.8,66.7362,31.4291,3059.46588
21,3357.36,56.0498,31.1582,3075.965237
21,3367.74,71.0275,35.3282,3090.894272
21,3377.38,76.0216,36.327,3104.855498
21,3394.25,66.2183,33.3675,3129.511256
21,3406.84,66.0385,39.6767,3148.097181
21,3427.02,71.2124,35.8091,3178.218454
21,3446.6,68.6229,33.3675,3207.8334
21,3459,63.8137,31.4069,3226.7868
21,3481.47,58.1305,30.0577,3261.523959
21,3511.37,47.7492,26.2078,3308.530347
21,3523.07,61.5016,28.207,3327.167511
21,3535.89,45.882,28.6916,3347.745919
21,3546.62,39.1753,24.2599,3365.095846
21,3559.33,43.0842,27.0209,3385.796305
21,3568.39,47.4354,28.1656,3400.650719
21,3583.83,41.0161,24.4874,3426.154665
21,3600.23,39.6775,19.4877,3453.505437
21,3609.84,49.2476,17.7566,3469.657301
22,2664.81,7.9397,14.2663,2323.312285
22,2676.15,16.7572,15.5195,2331.773966
22,2681.83,11.3566,17.3052,2336.060605
22,2695.25,15.5712,18.0072,2346.316706
22,2711.17,14.2736,16.8153,2358.716953
22,2720.34,16.5033,18.0338,2365.974596
22,2728.91,17.7164,17.4752,2372.833381
22,2738.14,16.1766,16.797,2380.302528
22,2746.18,14.1176,16.7723,2386.878122
22,2754.11,14.9269,16.0911,2393.427073
22,2762.75,12.2881,14.3599,2400.633956
22,2770.61,33.7565,17.8028,2407.255063
22,2776.17,21.048,19.1254,2411.976003
22,2786.95,39.9992,15.9532,2421.217266
22,2794.16,28.1648,18.8073,2427.462965
22,2802.71,30.1004,19.3492,2434.936819
22,2812.64,25.3743,18.2068,2443.708733
22,2821.89,26.2221,20.62,2451.968659
22,2832.19,27.9265,19.3585,2461.266881
22,2842.07,26.7133,18.7533,2470.285641
22,2857.65,21.6329,18.6164,2484.705866
22,2873.92,29.6847,21.9652,2500.023827
22,2881.41,27.4387,26.0804,2507.164531
22,2893.72,23.4352,19.8605,2519.022323
22,2905.35,26.5904,22.4776,2530.364306
22,2924.89,24.4827,22.3536,2549.724929
22,2941.65,20.7625,22.8467,2566.635266
22,2952.62,29.5587,21.9942,2577.855766
22,2981.07,18.3953,20.8745,2607.516171
22,3008.9,22.9386,21.3793,2637.313335
22,3019.24,29.3554,23.5025,2648.581557
22,3034.97,25.519,21.2559,2665.928679
22,3057.99,27.4995,24.0524,2691.761263
22,3082.17,32.8376,19.1244,2719.466223
22,3093.56,21.3347,17.8636,2732.719229
22,3100.95,23.2558,19.9907,2741.387366
22,3110.49,21.9861,18.5209,2752.658113
22,3119.71,31.8723,20.0599,2763.637289
22,3126.54,32.0332,21.9033,2771.825264
22,3138.16,32.5312,19.3207,2785.862805
22,3148.57,31.9752,21.3437,2798.553271
22,3169.25,25.9352,16.9524,2824.085006
22,3186.7,49.2013,22.5656,2845.961635
22,3197.33,27.8518,20.786,2859.437445
22,3208.02,33.7995,23.7748,2873.103274
22,3217.3,54.0105,27.9666,2885.059255
22,3225.46,61.2704,25.7563,2895.643428
22,3240.67,29.621,13.5917,2915.549743
22,3247.49,33.7707,14.7161,2924.550643
22,3256.38,55.25,14.7046,2936.353318
22,3264.29,40.8255,16.0677,2946.921355
22,3281.02,50.0314,16.3089,2969.479334
22,3296.8,67.15,31.5164,2991.01288
22,3312.77,30.2437,10.0421,3013.059225
22,3329.09,35.8783,17.29,3035.852227
22,3335.52,65.3286,24.6047,3044.905699
22,3343.62,60.6038,32.8428,3056.369386
22,3356.68,53.4433,27.935,3074.990987
22,3367.52,55.8238,33.7459,3090.576739
22,3374.4,73.5245,36.8079,3100.52976
22,3391.34,56.2564,34.2789,3125.237936
22,3403.74,76.7615,40.4609,3143.506112
22,3426.38,70.75,35.5594,3177.256918
22,3442.97,60.0628,39.1862,3202.314039
22,3457.24,61.5016,31.3052,3224.087277
22,3478.43,62.7637,29.6168,3256.794783
22,3508.61,52.2912,23.2765,3304.153843
22,3521.98,42.871,23.0583,3325.425446
22,3531.68,57.5288,27.4067,3340.969987
22,3544.28,61.2704,26.3574,3361.302355
22,3558.67,54.2542,28.1964,3384.717403
22,3567.2,44.0354,28.033,3398.69496
22,3582.1,55.2481,27.5381,3423.285175
22,3597.63,39.2698,21.8441,3449.151399
22,3609.76,33.9252,16.4761,3469.522461
22,3637.62,6.96237,2.08011,3516.867466
23,2667.77,12.0614,13.6613,2325.508575
23,2676.08,21.3082,15.3227,2331.721339
23,2682.59,16.5848,16.6699,2336.636617
23,2695.18,16.7118,18.7273,2346.262742
23,2714.79,13.3757,14.2059,2361.571975
23,2720.99,16.0475,16.4759,2366.492233
23,2729.28,21.4029,16.3455,2373.131155
23,2737.8,22.5394,16.838,2380.02588
23,2745.13,16.9368,18.9672,2386.015699
23,2754.18,21.4029,16.5728,2393.485162
23,2763.22,14.2558,15.1331,2401.028138
23,2770.75,15.7495,16.9584,2407.373556
23,2778,17.2952,17.1985,2413.5366
23,2787.62,17.9459,17.8766,2421.795466
23,2795.88,17.1917,17.045,2428.960603
23,2804.09,19.39,17.4797,2436.149977
23,2811.99,17.5171,18.2197,2443.131523
23,2821.39,18.4515,18.6616,2451.519989
23,2830.81,19.0666,18.6149,2460.014945
23,2840.63,18.3398,19.0494,2468.965089
23,2854.78,27.5231,18.0525,2482.03127
23,2870.18,20.6549,21.3431,2496.479242
23,2878.85,22.1579,24.5389,2504.717606
23,2891.07,18.1148,21.7396,2516.456871
23,2903.6,20.734,22.5435,2528.649
23,2923.58,22.1893,23.739,2548.415014
23,2938.92,22.0074,23.6954,2563.861627
23,2952.27,23.606,22.4265,2577.495915
23,2967.68,20.0159,23.6451,2593.455667
23,2984.91,18.0732,21.7593,2611.581541
23,3007.03,38.3713,22.9544,2635.286881
23,3017.97,36.6016,21.4362,2647.191789
23,3034.12,25.6973,20.5626,2664.984971
23,3056.58,32.3027,24.8824,2690.163754
23,3081.33,28.2481,19.2735,2718.493965
23,3090.79,25.646,22.5199,2729.484215
23,3109.19,22.3586,20.6338,2751.116911
23,3128.93,23.5522,20.2806,2774.701473
23,3148.96,25.1139,20.0068,2799.030813
23,3173.51,19.6993,16.2334,2829.397567
23,3184.94,26.0156,22.5792,2843.74136
23,3196.26,29.8065,20.3648,2858.075876
23,3206.03,44.3929,25.6768,2870.550651
23,3219.91,28.3469,12.1227,2888.437391
23,3228.85,31.2059,15.1977,2900.060106
23,3234.78,31.7851,17.2192,2907.81367
23,3251.33,31.5611,17.0544,2929.639065
23,3276.3,35.8546,17.5792,2963.086755
23,3308.86,25.2331,11.1405,3007.637952
23,3325.02,29.3105,17.6091,3030.143014
23,3331.75,46.283,23.699,3039.592506
23,3342.48,44.1174,25.2955,3054.752011
23,3355.15,46.6135,23.0833,3072.800616
23,3367.51,43.2495,27.1613,3090.562307
23,3377.29,58.3679,34.8757,3104.724725
23,3387.54,60.7579,36.5436,3119.670404
23,3402.68,64.796,37.1324,3141.938467
23,3423.36,56.6764,37.0815,3172.725197
23,3440.36,63.1735,39.6752,3198.353717
23,3474.02,81.3865,34.5627,3249.950794
23,3504.99,46.5126,23.5138,3298.425193
23,3517.59,37.8993,24.2741,3318.421267
23,3540.24,41.3444,26.2505,3354.765797
23,3565.5,41.6768,28.5395,3395.903475
23,3580.14,40.2164,26.0187,3420.037808
23,3606.54,9.17222,0.597684,3464.100464
23,3618.9,7.85852,0.584411,3484.969335
24,2700.46,7.04744,5.08056,2350.346928
24,2712.4,12.6267,14.2942,2359.68556
24,2728.72,12.2314,12.2872,2372.680523
24,2738.56,14.7424,11.3812,2380.644429
24,2745.5,12.3739,12.3882,2386.319475
24,2759.08,10.682,13.5812,2397.563579
24,2766.87,13.1007,14.6106,2404.096857
24,2773.49,12.8027,14.8243,2409.696583
24,2781.95,13.2822,14.5823,2416.916516
24,2789.17,14.1116,16.1476,2423.134813
24,2804.84,12.3304,15.7803,2436.810101
24,2812.95,14.8676,16.4782,2443.984166
24,2821.45,14.1676,16.8037,2451.573816
24,2830.69,14.5879,16.4463,2459.906171
24,2838.24,22.0185,16.9516,2466.777917
24,2862.61,25.0964,17.2594,2489.347583
24,2870.5,15.9831,18.3122,2496.781975
24,2882.71,23.5574,15.6968,2508.409619
24,2894.74,15.7162,18.3424,2520.011652
24,2916.48,13.965,15.6869,2541.345331
24,2930.85,17.6081,20.1874,2555.706206
24,2942.44,19.2141,19.3312,2567.439285
24,2951.98,15.8308,20.4805,2577.197846
24,2973.97,18.516,20.5301,2600.038309
24,2996.29,26.0512,20.7015,2623.716035
24,3008.19,32.9956,16.5606,2636.543521
24,3022.88,26.7537,16.438,2652.573763
24,3041.4,23.0014,18.6559,2673.09096
24,3066.57,24.5809,15.5297,2701.525131
24,3076.03,17.9683,15.5467,2712.375751
24,3092.13,21.2125,15.9312,2731.048209
24,3108.23,22.1943,17.0709,2749.979877
24,3118.88,18.9119,15.0956,2762.645443
24,3129.01,20.2053,14.2519,2774.797847
24,3148.6,19.0614,14.2907,2798.59
24,3162.65,26.5549,21.2529,2815.890116
24,3192.41,21.3443,11.1075,2853.186241
24,3203.91,32.0193,17.3468,2867.835631
24,3234.74,30.1753,13.1945,2907.761252
24,3262.12,17.1018,6.15287,2944.015931
24,3278.76,30.5256,16.0002,2966.415701
24,3295.28,31.8332,17.2241,2988.927835
24,3302.72,51.051,23.9418,2999.155603
24,3312.04,37.602,23.1891,3012.045909
24,3324.16,43.2131,22.698,3028.938765
24,3334.49,39.2785,26.5918,3043.452673
24,3359.88,32.1208,20.4135,3079.579723
24,3374.06,37.4374,18.0525,3100.036784
24,3392.97,26.588,17.9228,3127.630539
24,3403.8,31.5567,19.4394,3143.59488
24,3423.79,33.2941,13.9613,3173.369885
24,3443.82,18.4506,9.30487,3203.60527
24,3472.68,8.08216,0.14287,3247.875067
24,3485.24,9.51981,1.96954,3267.401597
24,3499.14,6.29887,1.67068,3289.195268
25,2957.11,13.7616,4.32076,2582.483003
25,2969.99,11.6703,3.10349,2595.868543
25,2986.94,13.7616,2.36754,2613.73664
25,3005.41,13.7616,3.90644,2633.534171
25,3022.65,21.0903,6.64023,2652.321116
25,3041.53,19.6805,7.45775,2673.236191
25,3066.65,9.91425,4.32076,2701.616516
25,3082.75,19.6805,5.88926,2720.137956
25,3100.99,25.4515,5.50453,2741.434433
25,3128.17,21.6042,5.50453,2773.786243
25,3138.56,24.4157,6.39976,2786.348429
25,3164.39,43.2084,9.41098,2818.046359
25,3175.82,38.9052,13.3972,2832.28591
25,3258.1,43.529,16.4035,2938.645975
25,3273.61,38.9486,12.0768,2959.453493
25,3289.68,31.3705,9.02625,2981.266027
25,3294.8,41.1367,9.02625,2988.26988
25,3309.72,19.6805,3.13699,3008.829043
25,3324.63,15.6852,4.32076,3029.596809
25,3338.36,9.91425,1.5685,3048.917597
